SCR	1160	9181
SCU	749	5171
SDA	117	580
SDE	223	1541
SDI	272	2124
SDO	309	2282
SDR	229	1745
SDU	49	250
SEA	2	11
SEC	481	3232
SEB	17	90
SEE	4	15
SED	297	1926
SEG	628	4134
SEF	3	18
SEI	31	220
SEH	1	6
FLA	296	1838
SEM	950	7330
SEL	303	2102
SEN	473	3518
FLE	127	817
SEQ	109	970
SEP	206	1384
SES	232	1636
SER	930	6290
FLI	102	592
SET	448	3240
SEV	57	361
SEX	1	1
FLO	224	1503
SEZ	53	367
FLU	414	3115
SFA	997	7258
FLY	2	5
SFE	417	2906
SFI	1248	8624
JUD	9	48
JUG	7	47
SFO	1137	7948
BEB	1	1
JUJ	2	8
SFR	1197	9392
BEA	91	595
BED	8	38
JUL	1	5
BEC	339	2539
JUK	1	4
BEF	108	738
JUN	10	41
BEE	17	93
JUM	8	31
SFU	189	1121
BEH	6	63
JUP	2	3
BEG	26	122
BEI	11	42
BEL	177	1024
JUT	2	2
BEN	582	4263
JUV	4	24
BEM	48	444
SGA	990	7595
BEO	12	33
BER	382	2634
BEQ	4	22
BET	56	339
SGE	42	211
BES	109	853
BEV	211	1411
BEU	3	7
SGI	4	32
SGH	316	2513
WOL	10	68
BEZ	47	338
WOO	1	3
SGO	820	5929
SGN	42	311
WOR	7	39
SGR	1289	10277
SGU	608	4458
SHA	68	439
SHE	10	48
SHI	13	83
FOB	7	21
FOD	57	325
FOC	156	1088
SHO	103	609
FOF	2	4
SHR	1	5
FOE	1	2
FOH	1	1
FOG	175	963
FOJ	1	4
FOI	10	24
SHU	44	259
FOL	277	1969
FON	381	2499
FOM	52	360
FOO	4	16
FOR	1300	8924
FOT	470	4012
SIA	11	47
FOS	286	2220
FOV	2	4
SIC	71	343
FOU	6	26
SIB	74	448
FOX	1	5
SIE	84	539
SID	32	189
FOZ	4	16
SIG	290	2168
FOY	1	2
SIF	31	194
SIK	3	11
SIM	406	3415
SIL	443	3148
SIO	13	61
SIN	966	7847
SIP	16	85
SIS	146	1081
SIR	93	537
SIT	125	634
OAS	1	1
SIV	3	9
SIZ	15	64
WRE	1	6
BHU	2	12
OBB	229	1833
WRI	1	3
OBD	42	253
OBC	4	24
OBE	54	254
OBI	149	1132
OBL	233	1445
BIB	85	589
OBN	49	397
BIA	451	3268
BID	69	420
BIC	168	1101
OBO	13	44
BIF	129	771
OBR	7	43
BIE	56	326
OBT	5	40
BIG	251	1654
OBS	16	101
BII	8	46
OBU	1	6
BIL	217	1388
BIK	2	5
BIN	179	1088
BIM	53	289
BIP	92	611
SKA	3	12
BIO	437	3330
BIR	207	1599
BIQ	5	42
BIT	175	1143
OCA	7	39
SKE	4	11
BIS	671	4698
BIV	54	362
OCC	485	3568
BIU	8	48
OCE	34	209
SKI	13	62
BIZ	63	481
FRA	1659	13207
OCI	8	34
OCH	7	27
FRE	742	4801
OCL	8	59
OCO	4	10
FRI	467	3066
SKU	1	2
OCR	8	22
OCU	27	181
SKY	3	12
OCT	9	52
FRO	327	2300
FRU	668	4572
SLA	448	2933
ODA	5	25
SLE	142	811
ODD	1	2
ODE	10	44
SLI	105	657
ODI	85	396
SLO	195	1235
ODO	182	1233
SLU	89	605
SMA	1613	12268
SME	528	3577
OEC	3	11
SMI	477	3608
FTA	10	43
SMO	834	5890
WUR	1	4
BLA	246	1689
BLE	79	488
FTI	1	5
SMU	224	1236
OER	1	4
BLI	58	338
OEU	1	3
BLO	114	696
SNA	68	550
BLU	72	408
SNE	160	1029
OFF	256	1674
OFE	5	22
SNI	86	468
OFI	44	215
FUC	123	719
SNO	156	1037
FUF	4	14
FUE	11	44
FUH	1	3
FUG	121	621
OFR	2	6
FUI	4	11
SNU	42	211
FUL	152	905
OFT	41	361
FUN	344	2295
FUM	225	1285
FUO	188	1424
FUR	226	1631
FUT	33	201
SOA	7	28
FUS	224	1399
SOC	328	2689
SOB	195	1501
SOD	206	1470
FUZ	1	2
SOG	468	3798
SOF	566	4319
SOI	5	12
OGG	85	774
OGI	4	12
SOM	495	3689
SOL	1342	10127
SON	416	2984
SOQ	2	12
OGL	1	5
SOP	2286	21357
SOS	572	4468
OGN	12	50
SOR	1022	7074
SOU	6	24
SOT	1253	11464
SOV	1256	12133
SOZ	21	84
SPA	2658	19935
SPE	2253	17486
SPI	2435	18293
SPL	141	1042
OHI	3	6
SPO	1456	10846
BOB	64	351
SPR	1056	8324
BOA	14	43
OHM	8	31
BOD	10	41
BOC	258	1856
BOF	43	368
BOE	11	25
SPU	819	5999
BOH	5	20
BOG	48	245
BOI	71	482
BOL	278	1718
BON	139	867
BOM	202	1330
BOO	14	61
BOR	632	3999
BOT	255	1679
BOS	84	440
BOV	26	98
BOU	14	71
OIB	1	1
BOX	46	178
BOW	1	4
OID	3	5
BOZ	95	610
BOY	1	6
KAB	1	3
KAF	6	30
KAI	3	11
OIM	1	1
OIL	1	1
KAK	2	6
KAJ	1	2
OIN	2	10
KAM	5	30
SQU	703	5529
KAL	5	31
KAO	2	4
KAN	8	45
KAP	6	13
OIT	4	21
KAS	7	18
KAR	18	77
KAT	5	28
KAW	1	1
KAV	1	1
KAY	4	20
SRA	138	1103
KAZ	5	14
SRE	10	75
SRO	45	320
SRU	44	365
OKA	2	3
BRA	985	6661
BRE	245	1703
BRI	500	3290
BRO	455	3100
STA	2355	17343
BRU	701	4477
OLA	6	32
STE	1508	11219
OLF	14	87
OLE	177	1007
STI	1251	8747
OLI	237	1498
OLL	4	8
STO	1283	9006
STR	5293	42148
OLM	16	48
OLP	2	2
OLO	75	498
STU	818	5516
OLT	171	1499
STY	3	10
SUA	70	339
SUC	388	2780
SUB	1183	9746
OMA	62	355
SUE	4	24
SUD	313	2373
SUG	255	1843
OMB	188	1260
SUF	197	1562
OME	135	816
SUI	76	478
SUK	1	3
KEB	1	2
OMI	55	289
SUM	27	158
KED	1	3
SUL	41	236
SUO	115	585
KEF	4	14
SUN	68	503
KEI	1	3
OMM	6	34
SUP	875	7116
OMO	316	2323
SUS	400	3012
OMN	8	57
SUR	350	2826
KEL	4	15
SUT	53	298
KEN	16	69
SUV	5	21
OMU	4	17
KEP	5	29
KER	6	26
SUZ	46	235
KET	2	6
KEV	1	3
KEY	5	32
SVA	616	4223
ONA	9	39
SVE	1400	9636
OND	147	914
ONC	41	228
ONF	14	88
ONE	105	582
SVI	764	5408
ONG	2	8
ONI	39	229
SVO	393	2752
BUB	145	894
ONN	80	658
BUA	8	41
BUD	41	228
BUC	266	1798
ONO	125	823
BUF	201	1472
ONR	3	10
BUE	1	3
SVU	44	269
ONT	32	199
BUG	164	980
BUI	11	33
ONU	4	12
BUL	263	1702
BUN	52	338
ONZ	2	2
BUM	1	5
BUP	4	24
SWA	44	258
BUO	56	333
BUR	352	2423
BUT	127	744
SWE	1	4
BUS	196	1164
BUV	1	4
OOC	4	13
OOB	2	10
BUX	2	8
SWI	2	5
BUZ	28	126
OOG	6	24
BUY	1	2
OOF	6	22
OOM	2	10
OOL	4	14
OOP	2	10
OOS	4	16
OOT	4	13
OPA	71	498
XAN	36	217
KHA	5	14
OPE	129	797
OPI	91	526
OPL	8	34
BWA	1	2
OPP	386	2692
OPO	11	75
OPR	4	11
KHM	1	2
OPT	72	383
KHO	5	40
OPS	6	31
OPU	18	106
OPZ	46	321
KIC	1	1
KIB	1	4
KIE	1	3
SYM	1	6
KID	2	13
SYL	1	5
GAB	173	1023
GAE	7	30
GAD	22	129
GAG	83	557
GAF	4	13
GAI	8	23
KIM	4	20
KIL	71	557
KIN	8	40
GAM	201	1322
GAL	596	4307
KIP	2	6
GAN	142	936
KIR	10	52
GAP	3	15
KIT	1	3
GAS	320	2238
KIW	3	7
GAR	594	4022
KIV	1	1
GAU	39	223
GAT	141	987
GAV	78	502
ORB	123	619
ORA	120	774
ORD	167	978
GAZ	97	495
ORC	110	803
ORF	24	120
ORE	98	658
ORG	340	2603
ORI	376	2672
ORL	65	279
ORN	102	571
ORM	104	613
ORP	49	347
ORO	68	471
ORR	92	618
ORT	216	1545
ORS	36	166
ORV	6	32
ORU	3	10
BYL	1	3
ORZ	55	221
BYP	43	298
BYR	4	24
BYT	1	1
OSA	68	330
OSC	208	1401
OSB	1	4
OSE	15	57
OSF	4	21
OSI	3	8
OSM	26	126
OSO	1	1
OSP	98	751
OSS	571	4188
OSU	1	2
OST	561	3941
OTA	10	41
XEN	51	311
XER	87	680
KLE	8	50
OTI	12	43
KLI	2	7
OTO	44	262
OTR	19	97
OTT	680	5000
KLY	1	5
OUG	1	4
GEA	2	8
GEC	3	8
GEB	1	2
GEE	2	6
GED	2	10
OUL	4	24
GEI	5	27
GEH	2	8
GEM	295	1688
GEL	250	1724
OUT	8	41
GEO	226	1707
GEN	464	3175
OUV	1	6
GES	265	1787
GER	371	2881
OUZ	2	2
GET	106	614
GEY	3	15
OVA	134	858
OVE	17	78
OVI	72	513
KNI	1	11
OVO	46	258
OVR	4	11
KNO	2	8
OVV	50	247
OVU	52	267
KNU	1	1
KOA	1	2
KOI	2	5
KOH	1	1
KOM	1	5
KOL	6	41
KON	1	3
KOS	5	23
KOR	1	1
KOU	3	17
TAB	249	1677
XIF	10	48
TAD	2	8
TAC	513	3588
TAF	112	649
OXA	2	14
TAE	1	6
TAH	4	24
XIL	47	269
TAG	237	1800
OXF	1	3
OXE	1	1
TAI	12	53
TAL	290	1840
TAK	2	10
TAN	316	2074
GHA	2	8
OXI	8	47
TAM	323	2484
TAP	225	1419
TAO	9	45
TAR	717	4456
GHE	125	826
TAT	90	411
OXO	6	32
TAS	291	1890
TAV	112	710
GHI	457	3429
TAU	72	632
TAX	9	38
TAZ	14	60
TAY	6	51
GIA	382	2571
GIC	5	18
GIB	69	430
GIE	8	33
GID	1	3
CAC	246	1390
GIG	149	1276
CAB	292	1869
CAE	1	3
CAD	231	1339
GIH	1	2
CAG	194	1188
CAF	85	485
CAI	22	66
GIM	24	145
CAH	1	3
GIL	9	27
CAK	1	1
GIO	756	5566
CAJ	2	6
GIN	219	1438
CAM	890	6160
CAL	1645	11233
GIP	16	83
CAO	15	84
CAN	1622	12054
GIR	505	3794
GIU	857	6273
CAP	1832	13365
GIT	26	118
CAS	820	5264
CAR	2624	19304
CAU	307	2188
CAT	964	7601
CAV	453	2905
CAY	1	2
KRA	2	6
OZE	3	7
CAZ	162	1114
KRE	1	1
OZI	101	589
KRI	6	15
OZO	68	521
KRO	1	6
KRU	1	1
KRY	1	4
TEB	14	46
TEA	72	556
TED	156	1202
TEC	189	1625
TEF	47	322
TEE	1	5
TEG	52	273
TEI	20	100
TEL	876	7730
TEN	603	3894
GLA	103	606
TEM	507	3809
TEP	35	164
TEO	204	1486
TER	1338	10513
GLE	23	113
TEQ	1	4
TET	221	1394
TES	624	4642
GLI	166	1033
TEU	21	99
TEX	49	451
GLO	324	2346
GLU	143	1019
KUF	2	9
CEC	112	551
CEB	2	2
KUM	4	11
CED	147	693
KUL	2	10
CEF	60	409
KUN	2	2
CEI	2	4
CEK	1	1
KUS	1	3
KUR	3	10
CEM	133	1019
CEL	414	2550
XOA	1	3
KUW	4	28
CEN	911	6798
CEP	53	269
CES	347	2095
CER	837	5645
XOG	2	10
CET	40	176
KVA	1	1
GNA	66	383
GNE	4	13
GNO	45	244
THA	4	22
GNU	8	22
THE	3	12
KWA	2	6
GOA	1	1
GOC	113	769
THO	2	6
GOB	42	214
GOE	4	24
GOD	118	622
GOG	3	5
GOF	66	377
THR	2	11
GOM	148	833
THY	1	6
GOL	112	588
GOO	2	9
GON	227	1522
GOS	7	31
GOR	136	1054
GOU	5	21
TIB	32	173
GOT	39	139
TIA	12	36
GOV	83	612
TIC	66	504
GOY	1	3
PAB	3	10
TIF	82	363
TIE	24	128
PAD	217	1659
GOZ	46	423
PAC	297	2031
TIG	104	521
PAF	14	80
PAE	48	293
TIL	16	61
PAG	320	2105
TIN	299	1996
PAI	46	233
TIM	244	1569
PAL	1435	10476
TIP	185	1348
PAK	5	28
TIO	33	204
PAN	875	6067
TIR	316	2134
CHA	100	576
PAM	34	189
PAP	263	1567
TIT	214	1493
PAO	28	151
TIS	56	343
PAR	2540	20077
TIV	2	3
CHE	253	1732
PAT	838	5742
TIX	8	71
PAS	995	7512
PAV	222	1654
TIZ	23	122
CHI	1618	11798
PAU	124	749
PAZ	168	1221
PAY	4	12
CHO	51	308
CHR	3	17
CHU	2	6
KYA	1	1
CIA	924	7218
CIC	498	3585
CIB	66	298
CIE	67	348
CID	5	16
KYL	1	2
CIG	80	451
CIF	58	286
KYR	4	18
CIM	210	1123
CIL	107	753
CIO	299	2075
CIN	708	5170
CIP	88	513
CIS	115	688
CIR	763	6732
CIU	262	1596
CIT	319	2230
CIV	148	1048
GRA	2050	14743
GRE	299	1875
GRI	479	3041
GRO	280	1780
TLA	1	3
GRU	277	1641
PEB	2	8
PEA	6	15
TME	1	2
PED	513	3889
PEC	209	1217
PEE	2	9
PEG	120	849
PEI	1	5
PEL	415	2825
PEN	1085	7582
CLA	456	3499
PEM	3	14
PEP	110	534
PEO	13	34
PER	3226	24796
CLE	71	554
PET	341	2616
PES	440	2812
PEV	14	75
CLI	206	1458
PEU	2	12
PEZ	65	375
PEY	2	6
CLO	221	1425
CLU	12	70
PFE	1	4
GUA	955	6144
GUC	2	10
GUB	6	26
GUE	109	844
GUG	10	62
GUF	51	210
GUI	260	1773
PFU	1	1
GUL	7	18
GUN	2	6
GUS	81	431
GUR	6	15
TOB	1	3
GUT	16	98
TOA	1	2
TOD	8	24
TOC	128	860
TOF	6	12
TOE	45	360
GUZ	2	4
TOG	50	271
TOI	3	21
TOL	138	869
TOK	2	6
TON	494	3100
TOM	196	1128
TOP	146	748
TOO	1	1
TOR	902	5885
TOQ	1	2
TOT	84	646
TOS	417	2951
TOV	13	92
TOU	10	40
TOX	5	33
TOW	1	2
TOZ	13	52
CNI	8	36
PHA	1	4
PHI	2	16
COA	410	2978
PHM	2	8
COC	305	1966
PHO	5	16
COB	28	136
COE	157	1044
COD	179	1091
COG	276	1907
COF	27	140
COI	297	2241
COH	1	4
COK	48	385
COM	3758	30544
PHY	3	10
COL	2005	14805
COO	252	1780
CON	9830	83291
COQ	4	17
COP	456	2953
COS	1031	7412
COR	2040	14712
COU	28	151
COT	240	1484
PIA	1299	9507
COW	2	7
PID	27	198
COV	130	813
PIC	491	3671
COY	1	3
LAB	185	1343
PIF	49	331
COX	7	41
PIE	403	2689
LAD	112	850
COZ	55	275
LAC	303	1991
PIG	399	2667
PII	1	2
PIL	398	2577
LAG	174	1017
PIN	246	1387
LAI	77	504
PIM	58	380
LAL	54	370
PIP	172	855
PIO	358	2333
LAN	357	2125
PIR	527	3997
LAM	546	3556
PIQ	1	2
LAP	261	1921
PIT	259	1672
LAO	6	28
PIS	384	2534
LAR	407	2719
PIV	23	99
LAQ	6	35
PIU	39	191
LAT	519	3596
PIX	1	2
LAS	286	1811
LAV	345	2478
PIZ	197	1396
LAU	135	768
TRA	5929	47829
LAW	4	23
LAZ	93	666
TRE	517	3352
TRI	1982	13990
TRO	738	5165
TRU	356	2328
GYM	5	34
TSA	10	43
CRA	185	1197
CRE	746	4400
TSU	1	4
CRI	837	6558
CRO	1076	8185
PLA	700	4712
CRU	242	1680
PLE	178	1350
CRY	1	4
PLI	83	603
CSA	9	39
PLO	54	255
PLU	256	2195
TUB	149	830
TUA	2	7
TUD	8	36
TUC	7	32
TUF	85	409
TUE	2	6
TUG	11	53
LEB	15	63
LEA	34	174
TUI	2	2
LED	38	154
TUL	17	81
LEC	135	780
TUN	28	133
LEE	1	2
TUM	187	1269
LEH	1	1
TUP	10	28
LEG	573	4035
TUO	45	218
TUR	594	4038
LEI	14	109
LEL	2	8
TUT	105	546
LEK	1	5
TUS	13	62
LEN	232	1358
CTE	5	26
LEM	76	584
LEP	122	715
LEO	79	612
LER	50	276
TUZ	11	76
TUY	1	2
LET	285	1911
LES	242	1565
LEV	202	1130
LEU	52	347
CTO	4	11
LEW	2	10
LEZ	46	247
PNE	60	489
CUA	1	1
CUC	370	2266
CUB	101	455
CUD	3	7
CUG	13	54
CUF	18	90
CUI	2	5
CUM	98	588
CUL	197	1127
CUO	79	404
CUN	45	265
CUP	83	451
CUS	98	600
CUR	336	2028
CUT	24	126
POA	2	4
TWE	2	6
POD	109	627
CUV	3	13
POC	83	430
POF	3	18
POE	243	1724
TWI	5	19
POG	105	550
POI	23	117
POL	1392	10579
POK	6	30
PON	288	1754
POM	277	1688
POP	237	1561
POO	1	1
POR	761	5501
POT	240	1537
POS	988	7620
POV	40	234
POU	11	60
POW	2	12
POZ	31	168
YAC	4	21
YAK	2	6
YAM	6	45
YAN	2	4
YAR	1	1
YAT	1	4
YAW	1	1
TYC	1	3
LIB	441	3012
LIA	11	34
LID	10	18
LIC	187	1211
HAB	7	31
LIF	46	222
LIE	71	449
TYP	1	6
HAC	4	13
LIG	96	614
HAF	1	3
LIL	19	101
LIN	516	3276
HAI	8	34
LIM	325	1852
HAL	9	26
LIP	82	541
LIO	66	553
HAN	54	478
LIR	73	485
HAM	8	45
LIQ	169	1251
HAP	2	8
LIT	342	2256
LIS	300	1724
HAR	8	34
LIV	111	684
LIU	12	47
HAT	1	2
HAS	21	112
LIZ	45	225
HAU	2	8
PRA	300	2003
HAW	4	20
HAZ	1	3
PRE	5616	45718
TZI	4	16
PRI	516	3746
CYC	2	7
PRO	5352	42905
CYB	7	45
PRU	148	853
PSA	19	133
PSE	66	573
PSI	366	3490
CZA	10	41
PSO	16	68
CZE	4	10
YEA	1	5
PTA	2	11
LLA	1	2
PTE	39	258
YEM	3	15
PTI	11	57
YET	1	1
PTO	3	12
LLO	1	2
PUB	126	1045
PUA	1	1
PUD	115	812
PUC	6	44
PUF	3	9
PUE	23	162
PUG	199	1160
HEA	2	9
PUI	6	12
PUL	375	2351
PUN	603	4294
PUM	4	17
PUP	205	1521
HEG	11	85
PUO	1	1
PUR	240	1686
HEL	6	17
PUT	292	1860
PUS	25	134
HEN	3	6
HER	6	29
PUZ	141	1098
HES	1	7
HEV	2	4
HEZ	1	6
LOB	108	758
LOA	1	3
LOD	74	338
LOC	241	1667
LOF	26	113
LOE	1	2
LOG	192	1232
LOI	12	55
LOL	6	18
LOK	1	2
LON	120	776
LOM	57	392
LOP	11	35
LOO	2	5
LOR	97	475
LOQ	8	41
LOT	126	820
LOS	28	165
LOV	1	1
LOU	2	5
YID	1	4
LOZ	2	8
UAD	1	1
UBB	69	441
UBE	11	44
UBI	64	337
HID	1	4
HIC	1	4
UBO	1	1
DAB	5	35
UBR	67	509
DAD	25	101
DAC	30	144
HIG	1	5
DAF	5	14
HIJ	1	6
PYR	1	2
DAE	1	2
DAG	9	53
HIN	3	16
DAI	5	15
HIM	4	28
DAL	25	114
HIP	1	3
DAN	274	1873
DAM	215	1494
DAP	25	142
HIT	9	54
UCA	1	2
DAR	82	552
UCC	190	1346
DAT	155	1137
DAS	5	23
DAV	20	88
DAU	4	11
DAZ	55	269
DAY	1	5
UCR	10	45
UDE	4	13
UDI	59	229
UDO	8	51
UDR	12	38
UFF	119	955
LUB	62	547
LUA	2	6
UFI	14	75
LUD	39	206
LUC	388	2396
LUF	3	6
LUE	4	17
LUG	24	121
UFO	10	52
DEB	309	2083
DEA	187	1588
LUI	5	16
DED	141	840
LUL	1	2
DEC	2613	21384
DEF	1210	9458
LUN	138	782
DEE	1	3
LUM	255	1514
DEH	4	24
LUP	130	859
DEG	430	3201
LUO	19	151
LUR	17	66
DEI	265	2245
DEL	888	6795
LUT	92	426
LUS	295	2148
DEN	837	6529
LUV	2	6
DEM	992	8555
DEP	1124	8870
LUX	2	10
UGA	2	10
DEO	208	1790
DER	693	5233
YOG	12	42
DEQ	33	352
DET	653	4803
UGE	2	6
DES	1500	12118
DEV	368	2723
UGG	116	660
DEU	101	857
YOL	2	2
UGO	6	24
UGN	17	64
YOR	1	6
UGR	9	47
UGU	65	513
UHE	1	1
UHI	1	1
HOB	13	75
YPR	2	6
HOC	8	54
YPS	1	4
HOL	9	55
HON	7	36
HOM	5	17
HOP	2	3
HOO	2	6
HOR	2	10
HOT	1	2
HOS	6	27
HOV	1	7
HOU	3	8
DHA	2	7
UIS	1	4
QAS	2	4
LYD	2	8
LYC	1	2
DIB	218	1633
DIA	859	6505
DID	35	198
DIC	397	3052
DIF	743	5758
DIE	186	1174
DIG	721	5550
DIL	950	6857
DIK	1	3
DIN	229	1722
DIM	780	5944
DIP	417	2932
UKA	1	2
DIO	57	279
DIR	894	6343
DIT	191	1285
DIS	14736	127704
DIV	1116	7996
DIU	28	154
DIX	2	8
DIZ	27	228
DJE	1	3
UKU	1	4
ULA	3	6
ULC	67	424
ULE	1	2
ULI	49	242
ULN	4	8
ULM	8	29
YTT	2	5
ULO	5	26
ULT	185	1448
ULS	1	3
ULV	6	16
ULU	45	221
YUA	1	1
YUC	2	5
UMA	122	811
UMB	37	189
UME	55	338
UMI	212	1339
UMM	1	1
UML	1	3
YUP	4	15
UMO	23	126
YUR	1	2
UMP	1	4
UMU	1	1
YUY	1	1
UMT	1	1
UNA	15	118
UND	23	130
UNC	56	325
UNE	3	9
UNG	128	673
UNI	379	2628
UNN	8	17
UNP	1	6
HUC	2	3
UNO	2	7
UNQ	6	25
UNT	79	342
UNS	3	5
HUL	5	21
HUN	1	3
UNZ	5	31
HUM	7	21
HUR	7	33
HUT	1	1
HUS	6	28
UOM	2	4
UOP	1	1
UOS	2	2
UOV	3	5
UPA	2	6
UPE	48	395
UPG	1	4
UPL	3	5
UPP	1	5
DOB	12	49
DOA	4	10
DOD	42	313
DOC	169	1222
UPU	2	4
DOG	146	916
UPW	1	6
DOI	1	4
DOL	371	2515
DON	208	1246
DOM	414	3046
DOP	209	1389
DOO	1	8
DOR	312	2029
DOT	266	1954
DOS	77	374
DOV	67	317
DOU	4	19
QIB	1	2
DOW	4	20
DOZ	13	94
MAC	890	6661
MAE	73	580
MAD	207	1508
MAG	636	4593
MAF	15	77
MAI	143	912
MAH	16	82
MAK	2	2
MAJ	2	8
MAM	151	1071
UQU	1	4
MAL	1390	9968
MAO	22	123
MAN	1799	13171
MAQ	3	15
MAP	59	301
MAS	1024	8256
MAR	1836	13354
MAU	23	107
MAT	796	5837
MAV	5	20
MAY	2	4
URB	73	571
MAX	18	148
URA	70	374
URD	1	1
MAZ	205	1533
URC	5	25
URE	52	242
URG	80	454
URI	82	429
URL	62	262
HYB	2	7
URN	6	22
HYD	4	29
URO	65	369
URR	1	1
URT	146	1002
URS	6	26
URU	13	80
HYP	1	8
USA	41	145
HYS	1	5
USC	109	595
USB	10	35
USE	13	54
USI	15	81
USO	4	19
DRA	287	2196
USS	14	64
DRE	102	603
USU	240	1577
UST	108	653
DRI	135	839
DRO	91	471
DRU	30	124
UTE	19	94
UTI	78	605
UTO	16	91
UTR	17	117
MEA	15	77
MEC	115	967
MEE	1	4
MED	498	3596
MEG	123	880
MEF	13	86
MEI	17	114
MEH	3	15
MEM	170	1222
MEL	385	2426
MEO	8	31
MEN	510	3107
MEP	2	16
MES	644	4300
MER	733	5387
MEU	2	7
MET	1047	8860
MEV	3	4
UVA	10	30
MEZ	146	991
UVE	12	28
UVI	6	20
UVO	5	10
DUB	106	665
DUA	16	88
DUC	38	172
DUE	119	759
UVU	5	18
DUG	50	294
DUI	8	24
DUL	26	172
DUN	8	20
DUM	12	31
DUP	62	453
DUO	31	152
DUR	115	548
DUT	11	49
DUV	4	18
DUU	12	76
ZAB	10	54
ZAC	19	128
ZAF	76	404
ZAG	14	80
ZAI	19	72
ZAL	2	6
ZAN	112	574
ZAM	291	2120
ZAP	165	1094
ZAR	18	66
ZAT	20	115
UXO	17	88
ZAV	51	367
ZAZ	25	151
MHM	1	1
MIA	80	515
MIC	504	4049
MIE	106	614
MID	29	147
IAC	11	51
MIG	219	1451
IAB	1	6
MIH	1	3
IAG	1	4
MIK	1	3
IAF	6	31
MIM	180	1220
MIL	323	2476
MIO	118	686
MIN	763	5528
IAM	8	51
IAL	30	169
MIS	667	4777
IAN	3	13
MIR	234	1428
MIT	421	3041
IAR	45	392
UZB	8	26
IAT	15	68
MIX	63	295
MIZ	2	16
IBE	65	379
IBI	6	15
IBL	4	8
UZZ	53	296
ZDA	2	14
IBO	1	4
IBR	58	370
IBS	4	24
ICA	10	49
ICE	1	4
ICO	64	477
ICN	12	87
ZEB	13	48
ZED	1	5
ZEC	53	291
ZEF	7	28
ICT	4	20
ZEI	5	22
ZEL	56	246
ZEN	21	81
ZEM	1	3
ZEP	56	284
ZEO	14	82
ZER	28	170
IDA	16	66
IDD	6	14
ZET	10	47
IDE	290	2314
ZEU	8	43
ZEZ	1	4
IDI	73	523
IDN	2	8
IDO	109	844
IDR	551	4110
QUA	972	7922
QUE	241	1670
QUI	338	2654
QUO	122	771
IEM	45	394
IEL	6	20
IEN	2	2
IER	49	317
IET	54	289
MNE	17	107
IFO	2	12
MOA	7	37
QWE	1	3
MOC	92	575
MOB	162	1235
MOE	2	4
MOD	423	3011
MOG	37	175
MOF	4	16
MOI	14	42
MOH	8	30
MOK	1	1
IGI	52	428
MOM	13	79
MOL	597	4052
MOO	1	1
MON	1582	11921
MOQ	5	33
IGL	3	4
MOP	2	5
MOS	278	1844
IGN	221	1433
MOR	994	7317
MOU	5	17
ZIB	19	118
MOT	384	2967
ZIA	1	2
IGR	35	219
MOV	96	670
ZIC	1	5
IGU	11	54
ZIF	5	12
MOX	4	20
ZIE	4	12
VAD	12	38
MOZ	133	841
VAC	235	1452
ZIG	172	1047
VAF	3	11
ZII	4	8
ZIL	42	211
VAG	415	2792
ZIN	129	759
VAI	114	717
ZIM	81	582
VAL	480	2967
ZIP	84	464
ZIO	3	6
VAN	527	3723
ZIR	58	278
VAM	110	906
ZIQ	1	5
VAP	130	962
ZIT	81	408
VAR	238	1261
VAQ	1	4
ZIU	4	14
VAT	64	483
VAS	174	1249
VAV	2	8
ZIZ	13	57
VAU	6	27
EAR	1	4
QZE	1	3
EBB	15	52
EBA	9	43
EBD	6	41
EBE	21	105
EBL	3	12
EBO	48	288
EBR	86	548
EBU	26	188
ZLO	1	2
ECA	6	33
IKE	1	4
ECC	430	3070
ECB	4	21
ECD	8	42
ECI	2	5
ECH	84	590
ECM	6	39
ECL	72	492
ECO	189	1491
ECP	1	5
ECS	1	4
VED	133	662
ECR	2	3
VEC	94	631
ECU	16	104
ECT	47	327
VEE	7	39
VEG	154	966
VEI	49	343
VEL	434	2833
ECZ	10	63
VEN	779	5358
ILA	9	36
VEM	2	8
VEP	4	11
ILC	2	10
VER	1318	9445
EDA	17	72
ILE	12	58
EDD	6	26
VET	309	2366
VES	300	1796
EDE	32	151
ILI	10	25
ILL	629	5092
VEX	1	3
VEZ	68	542
EDI	166	1007
ILM	2	10
ILO	17	99
EDO	24	130
EDR	2	10
EDU	114	751
MUC	71	407
IMA	40	215
MUE	4	17
MUD	4	9
MUG	252	1520
IMB	4798	39700
MUF	112	588
IME	17	91
MUJ	3	20
IMI	63	350
MUM	51	463
MUL	323	2256
MUO	47	217
MUN	201	1352
IMM	1789	14964
IMO	2	10
MUS	364	2330
MUR	135	612
MUU	1	1
IMP	7159	59243
MUT	253	1380
ZOA	4	18
ZOD	4	20
ZOC	60	403
ZOE	4	11
ZOI	10	56
ZOL	119	593
ZON	65	385
ZOM	87	437
ZOP	153	1033
ZOO	203	1184
INB	1	7
ZOR	14	107
INA	1777	13453
IND	2283	18170
ZOT	20	120
INC	8628	72544
ZOS	3	11
INF	5275	43766
INE	593	4484
ING	3592	29824
EFF	414	3095
ZOZ	5	15
EFE	43	213
INI	303	2162
INL	6	31
INK	1	1
INN	749	5628
EFI	7	28
INM	2	11
INP	1	2
INO	631	4648
INR	44	277
INQ	273	2123
INT	6886	59770
EFO	5	13
INS	3021	24123
INV	2647	20414
INU	273	1947
EFT	3	21
INZ	487	4015
IOC	1	1
EGA	8	51
IOD	78	424
IOG	9	41
EGE	66	553
IOI	6	16
EGI	33	178
IOL	4	6
ION	77	497
EGL	6	21
EGO	91	647
IOS	3	15
IOR	1	2
VIB	100	631
IOT	8	42
VIA	105	616
VID	179	1489
EGR	21	90
VIC	188	1340
EGU	102	789
RAB	667	5532
VIE	78	385
RAD	1227	10500
RAC	1431	12462
VIG	241	1595
RAF	778	6612
VIL	289	2207
RAG	1262	10741
RAJ	1	2
VIN	295	1787
IPA	4	14
RAI	15	46
VIM	10	37
RAL	339	2647
VIP	25	116
VIO	167	1119
RAN	740	5489
VIR	335	2424
IPE	468	4127
RAM	1286	10214
RAP	945	7762
VIT	419	3208
VIS	382	2425
RAR	71	471
VIV	339	2547
VIU	7	33
RAT	850	6852
RAS	1013	7917
IPN	77	614
RAV	638	4988
VIZ	89	494
EHI	2	4
RAU	56	397
EHL	1	1
IPP	74	451
IPO	557	4191
IPR	2	6
RAZ	351	2620
RAY	1	2
IPS	25	163
EIA	52	383
EIB	1	1
EIE	52	307
EID	7	36
MYO	1	5
MYS	1	4
EIM	1	1
EIN	6	49
EIR	1	1
EIU	3	15
MZA	7	37
IRB	1	2
IRA	49	250
IRC	12	39
IRE	22	95
ABA	27	107
ABB	3076	24446
IRI	115	625
ABC	4	12
IRL	2	12
ABD	108	652
ABE	78	425
IRP	6	16
IRO	103	773
ABI	261	1563
IRR	1049	8369
ABK	4	16
IRT	4	4
VLA	2	5
ABL	23	142
IRS	9	33
ABN	47	302
IRU	4	24
ABO	249	1605
ABR	128	798
ABS	26	156
ABU	66	337
ISA	36	193
ISC	266	2116
ISB	3	7
ISE	5	24
ISI	4	13
ACA	72	391
ACC	5860	48443
ISM	16	88
ACE	276	1782
ISL	65	523
ISO	337	2070
ISN	3	19
ACH	44	250
ISQ	2	15
ACI	180	1199
ISP	278	2025
ZUA	4	8
ISS	48	195
ISR	11	79
ZUC	140	1008
ACL	26	170
ZUF	64	380
ACM	3	8
IST	722	5037
ACN	6	19
ACO	39	257
ZUG	2	6
REB	56	330
ACQ	516	4241
REA	156	993
ZUI	11	85
ACR	164	1149
RED	472	3151
ZUL	1	1
REC	1016	7420
ACT	19	102
REF	237	1820
ZUN	1	4
ACU	175	1060
REE	4	27
ZUM	45	179
ZUP	54	267
REG	646	4503
ZUR	7	34
ITA	161	1363
REI	880	7887
REL	200	1542
ELB	4	12
REN	198	1151
ELA	203	1411
ITE	55	290
REM	259	1658
ELD	2	10
REP	449	3101
ELC	4	8
REO	29	165
ADA	181	1159
ELF	2	2
ZUZ	12	108
ELE	636	5316
ITI	14	88
REQ	56	400
RET	762	5918
ADD	1564	12302
RES	917	6814
ADE	400	2511
REV	200	1527
ELI	337	2232
REU	69	615
ELL	87	635
REX	5	20
REW	1	3
ADI	183	910
REZ	8	28
ELM	22	150
ITT	62	346
ELO	87	520
ADN	2	14
ADO	426	2751
ELS	4	5
ELV	10	55
ADR	24	139
ELU	161	907
ADS	48	349
ADU	314	1959
ELZ	11	76
ADV	5	34
ADY	1	5
IUC	2	5
IUB	6	24
EMA	270	1837
IUD	8	36
IUG	59	360
EMB	163	1171
EME	186	1113
AED	2	2
EMI	194	1202
IUL	3	4
IUN	5	19
EMM	15	101
EML	1	6
EMO	213	1555
IUS	7	30
IUR	10	52
EMP	121	646
IUT	8	29
VOD	9	32
IUV	5	30
VOC	252	1831
EMU	161	1059
AEQ	1	2
ZWI	11	85
AER	348	2507
VOG	93	492
AET	1	4
VOI	10	46
VOL	969	6755
VON	9	49
IVA	6	12
VOM	129	714
VOP	1	1
VOR	88	568
ENA	70	624
END	241	1745
VOT	71	310
ENC	127	975
VOS	12	57
AFA	24	110
ENF	127	878
ENE	113	823
VOU	1	4
ENG	9	45
AFE	19	90
ENJ	1	8
AFF	3082	24265
ENI	39	260
VOY	8	58
AFG	8	28
IVO	4	20
AFI	8	30
ENN	22	114
ENO	78	428
ENR	2	14
AFN	3	5
AFO	27	116
ENT	321	2333
ENS	5	29
ENV	3	13
AFR	57	349
ENU	193	1360
AFT	7	21
ENZ	10	61
EOC	6	27
RHO	4	28
AGA	30	119
RHU	1	1
AGE	116	778
AGG	2394	19618
AGH	11	47
RHY	1	3
AGI	140	727
EOL	14	40
EON	4	10
AGL	20	84
AGN	61	354
EOS	6	36
AGO	149	980
RIB	1369	10193
RIA	7320	65686
AGR	168	1182
RID	1663	13351
RIC	6073	51708
NAB	8	26
RIF	2522	19499
AGU	126	818
NAA	1	1
RIE	1396	11186
NAD	3	12
NAC	21	112
RIG	1365	10616
NAF	26	150
NAH	2	6
RIL	980	7411
NAG	7	25
RIN	9087	78771
EPA	73	487
NAI	13	36
RIM	5227	44429
NAL	2	10
RIP	3650	29450
RIO	459	3778
NAN	71	378
RIR	1	1
EPE	19	122
NAM	4	24
RIQ	83	765
EPH	1	5
NAP	82	439
RIT	2109	15872
NAO	1	1
RIS	6362	51484
NAR	193	1416
RIV	1696	12884
EPI	616	4481
RIU	450	3062
NAT	138	954
IXO	2	8
NAS	328	2070
AHI	2	3
NAV	137	835
RIZ	139	861
NAU	114	753
EPP	2	6
EPO	33	155
NAZ	112	941
EPT	32	201
EPS	3	14
EPU	54	281
VRI	2	8
VRO	1	2
AID	5	17
AIE	2	8
AIG	2	10
AIK	1	3
AIL	4	24
AIM	1	1
AIO	6	12
EQU	442	3609
AIR	8	20
AIT	5	13
AIU	64	320
IZB	2	2
AIZ	48	251
ERB	260	1633
ERA	35	205
ERC	24	129
ERE	154	927
ERG	92	496
ERI	145	894
ERL	2	8
ERN	25	108
ERM	41	273
ERP	66	418
ERO	281	1790
ERR	80	371
AJO	5	22
ERT	7	18
ERS	4	8
IZZ	1	1
ERU	132	768
ERZ	4	16
ESA	688	4729
ESC	604	4290
ESB	44	304
ESE	437	3094
ESG	1	7
ESF	50	362
ESI	394	2299
ESK	2	6
NDR	4	28
AKH	1	2
ESL	2	6
ESO	498	3318
ESQ	4	27
ESP	1209	8908
ESS	179	1162
VUD	6	26
VUC	1	5
ESU	239	1526
EST	1384	10790
VUE	1	3
ESV	1	6
NEB	88	659
NEA	8	59
NED	2	18
VUL	154	1197
NEC	210	1655
NEF	114	776
NEE	3	19
NEG	345	2508
VUO	70	368
ETA	17	78
NEI	4	30
NEL	8	22
ETC	3	8
NEK	1	3
ALA	84	379
NEN	9	33
ALB	326	2068
ETE	363	2694
NEM	56	319
ALC	331	2596
ETH	1	2
NEP	32	166
ALD	26	104
NEO	334	2675
ALE	200	1158
NER	263	1482
ALF	76	660
ETI	151	1167
NEQ	6	38
ALG	92	512
NET	98	562
NES	41	226
ALI	272	1531
ETN	53	350
NEV	146	1051
ETM	4	20
NEU	285	2437
ALL	2501	18526
ETO	24	138
NEW	10	63
ALM	70	550
ETR	15	111
ALN	6	16
ALO	120	664
ETT	27	133
ALP	74	487
ALQ	4	20
ALS	4	24
ALT	360	2358
ALU	18	65
ALV	20	82
ALZ	67	317
EUC	42	259
EUB	6	30
EUE	2	10
AMA	305	1929
EUD	28	228
AMB	319	2035
EUG	34	196
EUF	82	604
AME	125	837
AMF	2	14
EUM	6	24
AMI	150	848
EUL	6	32
EUN	12	72
AML	9	49
AMM	3576	28242
EUP	16	88
AMN	63	448
EUS	22	103
AMO	105	725
EUR	191	1560
AMP	215	1552
ROB	103	682
EUT	85	664
ROA	7	18
ROD	164	783
ROC	78	448
ROF	1	3
AMU	6	22
ROE	5	53
EUZ	2	6
ROG	165	858
ROL	54	265
RON	253	1438
EVA	270	1915
ROM	429	3013
ROP	6	35
ROO	2	2
ANA	679	5443
ROR	47	182
EVE	29	169
ROQ	1	6
ANC	198	1360
ROT	440	2877
AND	165	1026
ROS	388	2501
ANE	206	1454
ROV	257	1731
ANF	128	827
EVI	246	1587
ROU	23	149
ANG	465	3299
ANI	188	1130
ROZ	17	70
ROY	1	4
EVO	169	1034
ANN	1426	10495
ANO	145	909
EVV	3	7
EVU	1	3
ANS	119	610
ANT	1715	14484
ANU	9	26
ANZ	22	117
AOC	2	15
AOM	2	13
AON	5	13
AOP	1	5
AOR	17	106
AOS	4	16
NIB	11	70
NIA	2	8
NID	77	521
NIC	210	1429
JAB	2	8
NIF	6	11
NIE	61	377
NIH	4	17
JAC	10	47
NIG	22	118
EXA	2	14
NIL	13	53
EXC	6	32
JAG	1	2
APA	35	180
NIN	120	670
EXE	9	43
JAI	6	17
NIM	12	45
JAL	1	2
NIP	37	231
NIO	10	38
APE	32	196
NIR	5	29
EXI	1	1
JAM	2	11
NIQ	3	17
NIT	266	1780
NIS	16	81
API	62	298
JAR	3	25
NIV	12	50
NIU	2	4
EXP	6	23
APL	28	158
EXO	2	9
JAV	1	1
NIZ	6	28
APN	9	36
APO	340	2499
EXT	132	1239
APP	3432	27797
JAZ	9	57
APR	92	462
EXU	2	6
APS	2	6
APT	5	37
APU	8	20
EYE	1	5
AQU	47	256
ARA	234	1394
ARB	118	822
ARC	583	4458
ARD	126	592
ARE	147	721
ARF	2	12
EZI	20	135
ARG	295	1940
ARI	255	1724
ARL	9	78
ARM	266	1775
ARN	11	42
ARO	54	504
ARP	159	1047
ARQ	1	6
ARR	2176	16727
ARS	86	566
ART	335	2469
ARU	10	61
ARV	7	25
ARZ	52	454
ASA	2	4
ASB	8	43
ASC	471	3105
ASD	1	2
ASE	23	150
ASF	111	807
ASH	6	33
ASI	131	772
ASK	4	26
ASM	7	24
ASO	49	247
ASP	340	2301
RUB	225	1417
RUA	2	10
RUD	25	137
ASS	2681	20162
RUC	6	19
AST	500	3443
RUF	110	919
RUE	1	2
RUG	253	1427
JEA	3	14
RUI	4	14
RUL	64	343
RUN	7	21
JEE	1	1
RUM	164	1039
RUP	21	82
RUO	109	673
ATA	42	224
RUR	3	11
ATC	1	2
RUT	124	657
RUS	253	1688
ATE	77	461
RUV	17	92
ATI	8	38
JER	1	3
RUZ	90	539
JET	1	3
ATL	21	113
ATM	6	45
ATO	89	571
ATR	92	621
ATT	2238	16984
AUC	4	13
AUD	74	514
AUF	3	7
AUG	92	544
AUL	35	141
AUM	49	346
AUN	4	11
AUR	90	522
AUS	159	1177
AUT	1496	14000
NOB	84	583
NOA	2	10
NOD	41	182
NOC	157	834
AUX	12	73
NOE	15	65
AUZ	1	4
NOI	15	53
NOL	55	402
AVA	226	1388
NON	82	449
NOM	204	1401
NOO	8	40
AVE	109	584
NOR	200	1443
NOT	294	1826
NOS	58	367
AVI	149	1184
NOV	297	2005
NOU	10	46
NOZ	16	110
AVO	70	375
WAG	5	30
AVR	12	38
WAF	1	2
WAI	1	4
WAH	5	27
AVU	17	71
AVV	1640	12179
WAM	1	3
WAL	10	46
WAP	1	3
WAS	2	8
WAR	2	8
WAT	24	138
WAW	1	1
JID	1	5
FAB	111	844
FAD	3	7
JIH	1	2
FAC	364	2586
JIG	1	3
FAE	8	34
FAH	1	7
RYT	1	2
FAG	160	1033
AXE	3	15
JIN	1	3
FAI	11	47
FAL	607	3707
AXI	6	41
FAN	345	2639
FAM	108	799
FAR	369	2533
AXO	5	16
FAT	340	2198
FAS	382	2825
FAV	281	2033
FAU	34	167
FAX	42	169
FAZ	23	146
AYA	1	6
AYU	5	34
AZA	2	6
AZE	18	110
AZI	102	663
WEB	3	11
AZO	38	213
WEE	1	4
AZT	4	14
WEH	1	6
AZU	4	14
WEL	10	69
AZZ	566	4081
WES	6	29
WER	2	16
NUB	31	142
NUA	1	3
NUD	65	276
NUC	98	771
NUG	5	18
FEB	38	223
FEA	2	4
FED	148	1064
NUL	80	637
FEC	97	624
NUN	20	119
FEE	8	30
NUM	121	753
FEG	15	83
NUO	108	561
NUR	10	40
FEI	3	10
FEL	229	1412
NUT	137	878
FEN	179	1148
NUV	27	143
FEM	136	1175
FEO	4	18
FER	640	4222
NUZ	4	22
FET	64	310
FES	230	1606
FEU	19	120
FEZ	2	8
WHI	4	10
JOB	1	3
JOD	2	5
JOC	1	3
JOG	2	7
JOJ	1	3
JOL	1	2
JON	1	2
JOR	2	12
JOT	1	1
JOU	5	28
WID	2	5
SAC	464	3813
WIG	1	3
JOY	5	25
SAB	161	911
SAE	68	410
SAD	22	129
SAG	270	1564
SAF	19	87
SAI	24	86
SAH	9	50
WIL	3	19
SAK	1	1
WIN	8	56
SAM	62	340
SAL	1552	10760
SAN	722	5365
WIR	1	5
SAP	314	2022
SAS	83	486
SAR	351	2326
SAU	34	177
SAT	419	3151
SAV	39	186
SAX	8	52
SAZ	59	334
SBA	2247	17804
SBE	610	4960
SBI	874	6751
SBL	47	351
FIB	112	776
FIA	410	2895
FID	203	1388
NYL	1	2
FIC	136	853
SBO	923	6840
FIF	6	12
SBR	1314	9884
BAB	75	368
FIE	71	370
BAC	584	4177
BAD	99	449
FIG	260	1560
BAE	1	5
BAF	12	52
SBU	423	3129
BAG	265	1585
FIL	717	4936
BAH	6	26
BAI	39	159
FIN	398	2632
FIM	13	57
BAK	2	10
BAL	975	6988
FIO	459	3248
BAM	195	1600
FIR	59	300
BAN	369	2471
BAO	1	3
FIT	159	1054
SCA	6202	49224
FIS	590	4723
BAR	1456	10318
FIU	68	358
BAS	529	3220
FIX	1	3
SCE	681	4691
BAT	510	3835
BAU	61	289
BAV	47	217
SCI	2102	15932
SCH	2110	17184
BAZ	72	457
SCL	156	1206
SCO	6037	48318
